sequence	modified_sequence	m/z experimental	missed cleavages	e-value	MPscore	RT exp	spectrum	proteins
AGQSAAGAAPGGGVDTR	AGQSAAGAAPGGGVDTR	721.8526515	0	1.00E-11	1.31E-12	23.730724	MSA_09_r01.6508.6508.2 RTINSECONDS=1423.84344	P21333
QMQLENVSVALEFLDR	aQMQLENVSVALEFLDR	937.9698395	0	1.00E-15	1.73E-11	148.62973	MSA_09_r01.46977.46977.2 RTINSECONDS=8917.7838	P21333
ALGALVDSCAPGLCPDWDSWDASKPVTNAR	ALGALVDScamCAPGLcamCPDWDSWDASKPVTNAR	1077.170288	0	1.70E-13	4.57E-15	92.172943	MSA_09_r01.28999.28999.3 RTINSECONDS=5530.37658	P21333
RAEFTVETR	RAEFTVETR	554.791104	1	2.90E-07	1.64E-21	28.861353	MSA_09_r01.8212.8212.2 RTINSECONDS=1731.68118	P21333
SAGQGEVLVYVEDPAGHQEEAK	SAGQGEVLVYVEDPAGHQEEAK	1157.054292	0	1.00E-15	1.59E-13	52.06739	MSA_09_r01.15913.15913.2 RTINSECONDS=3124.0434	P21333
VTAQGPGLEPSGNIANK	VTAQGPGLEPSGNIANK	826.9341015	0	8.00E-10	8.24E-13	37.511143	MSA_09_r01.11109.11109.2 RTINSECONDS=2250.66858	P21333
CSYQPTMEGVHTVHVTFAGVPIPR	bcamCSYQPTMEGVHTVHVTFAGVPIPR	889.433314	0	6.70E-11	4.32E-12	90.831124	MSA_09_r01.28563.28563.3 RTINSECONDS=5449.86744	P21333
YWPQEAGEYAVHVLCNSEDIR	YWPQEAGEYAVHVLcamCNSEDIR	846.056374	0	2.80E-11	5.83E-15	95.629827	MSA_09_r01.30119.30119.3 RTINSECONDS=5737.78962	P21333
HTAMVSWGGVSIPNSPFR	HTAMVSWGGVSIPNSPFR	971.982411	0	1.00E-15	5.88E-13	84.410268	MSA_09_r01.26481.26481.2 RTINSECONDS=5064.61608	P21333
CAPGVVGPAEADIDFDIIR	camCAPGVVGPAEADIDFDIIR	1007.999644	0	1.00E-15	1.09E-11	97.23306	MSA_09_r01.30637.30637.2 RTINSECONDS=5833.9836	P21333
GAGSYTIMVLFADQATPTSPIR	GAGSYTIMVLFADQATPTSPIR	1148.584672	0	1.00E-15	7.28E-13	116.53795	MSA_09_r01.36850.36850.2 RTINSECONDS=6992.277	P21333
